Price,Close,High,Low,Open,Volume,Daily Return,MA20,MA50,Daily Return (%),Moving Average (20 days),Moving Average (50 days)
Ticker,TSLA,TSLA,TSLA,TSLA,TSLA,,,,,,
Date,,,,,,,,,,,
2023-01-03,108.0999984741211,118.80000305175781,104.63999938964844,118.47000122070312,231402800,,,,,,
2023-01-04,113.63999938964844,114.58999633789062,107.5199966430664,109.11000061035156,180389000,0.05124885285593783,,,5.124885285593783,,
2023-01-05,110.33999633789062,111.75,107.16000366210938,110.51000213623047,157986300,-0.029039097760312105,,,-2.9039097760312105,,
2023-01-06,113.05999755859375,114.38999938964844,101.80999755859375,103.0,220911100,0.024651090365942707,,,2.4651090365942707,,
2023-01-09,119.7699966430664,123.5199966430664,117.11000061035156,118.95999908447266,190284000,0.059349011404278285,,,5.9349011404278285,,
2023-01-10,118.8499984741211,122.76000213623047,114.91999816894531,121.06999969482422,167642500,-0.007681374256751861,,,-0.7681374256751861,,
2023-01-11,123.22000122070312,125.94999694824219,120.51000213623047,122.08999633789062,183810800,0.036769060182475055,,,3.6769060182475055,,
2023-01-12,123.55999755859375,124.12999725341797,117.0,122.55999755859375,169400900,0.0027592625752506095,,,0.27592625752506095,,
2023-01-13,122.4000015258789,122.62999725341797,115.5999984741211,116.55000305175781,180714100,-0.009388119582672827,,,-0.9388119582672827,,
2023-01-17,131.49000549316406,131.6999969482422,125.0199966430664,125.69999694824219,186477000,0.07426473736900463,,,7.426473736900463,,
2023-01-18,128.77999877929688,136.67999267578125,127.01000213623047,136.55999755859375,195680300,-0.020609982513142944,,,-2.0609982513142944,,
2023-01-19,127.16999816894531,129.99000549316406,124.30999755859375,127.26000213623047,170291900,-0.012501946153228194,,,-1.2501946153228194,,
2023-01-20,133.4199981689453,133.50999450683594,127.3499984741211,128.67999267578125,138858100,0.0491468120625187,,,4.91468120625187,,
2023-01-23,143.75,145.3800048828125,134.27000427246094,135.8699951171875,203119200,0.07742468874848996,,,7.742468874848996,,
2023-01-24,143.88999938964844,146.5,141.10000610351562,143.0,158699100,0.0009739087975544347,,,0.09739087975544347,,
2023-01-25,144.42999267578125,146.41000366210938,138.07000732421875,141.91000366210938,192734300,0.003752820129427681,,,0.3752820129427681,,
2023-01-26,160.27000427246094,161.4199981689453,154.75999450683594,159.97000122070312,234815100,0.10967259156647335,,,10.967259156647335,,
2023-01-27,177.89999389648438,180.67999267578125,161.1699981689453,162.42999267578125,306590600,0.11000180416824756,,,11.000180416824756,,
2023-01-30,166.66000366210938,179.77000427246094,166.5,178.0500030517578,230878800,-0.06318150994943417,,,-6.318150994943417,,
2023-01-31,173.22000122070312,174.3000030517578,162.77999877929688,164.57000732421875,196813500,0.03936155894904236,134.1959991455078,,3.9361558949042363,134.1959991455078,
2023-02-01,181.41000366210938,183.80999755859375,169.92999267578125,173.88999938964844,213806300,0.047280928205116535,137.86149940490722,,4.7280928205116535,137.86149940490722,
2023-02-02,188.27000427246094,196.75,182.61000061035156,187.3300018310547,217448300,0.03781489703913388,141.59299964904784,,3.7814897039133877,141.59299964904784,
2023-02-03,189.97999572753906,199.0,183.69000244140625,183.9499969482422,232662000,0.009082654784473565,145.57499961853028,,0.9082654784473565,145.57499961853028,
2023-02-06,194.75999450683594,198.1699981689453,189.9199981689453,193.00999450683594,186188100,0.025160537355481072,149.65999946594238,,2.516053735548107,149.65999946594238,
2023-02-07,196.80999755859375,197.5,189.5500030517578,196.42999267578125,186010300,0.010525791279409002,153.51199951171876,,1.0525791279409002,153.51199951171876,
2023-02-08,201.2899932861328,203.0,194.30999755859375,196.10000610351562,180673600,0.022763049555982517,157.63399925231934,,2.2763049555982517,157.63399925231934,
2023-02-09,207.32000732421875,214.0,204.77000427246094,207.77999877929688,215431400,0.029956849516678652,161.83899955749513,,2.995684951667865,161.83899955749513,
2023-02-10,196.88999938964844,206.1999969482422,192.88999938964844,202.22999572753906,204754100,-0.05030873801899527,165.50549964904786,,-5.030873801899527,165.50549964904786,
2023-02-13,194.63999938964844,196.3000030517578,187.61000061035156,194.4199981689453,172475500,-0.011427700782035255,169.11749954223632,,-1.1427700782035255,169.11749954223632,
2023-02-14,209.25,209.82000732421875,189.44000244140625,191.94000244140625,216455700,0.0750616556523096,173.00549926757813,,7.50616556523096,173.00549926757813,
2023-02-15,214.24000549316406,214.66000366210938,206.11000061035156,211.75999450683594,181006400,0.02384709913101113,177.27849960327148,,2.384709913101113,177.27849960327148,
2023-02-16,202.0399932861328,217.64999389648438,201.83999633789062,210.77999877929688,229586500,-0.05694553722096751,181.02199935913086,,-5.694553722096751,181.02199935913086,
2023-02-17,208.30999755859375,208.44000244140625,197.5,199.99000549316406,213738500,0.031033480898909227,184.7664993286133,,3.1033480898909227,184.7664993286133,
2023-02-21,197.3699951171875,209.7100067138672,197.22000122070312,204.99000549316406,180018600,-0.05251789433835996,187.44749908447267,,-5.251789433835996,187.44749908447267,
2023-02-22,200.86000061035156,201.99000549316406,191.77999877929688,197.92999267578125,191828500,0.017682553475729224,190.2959991455078,,1.7682553475729224,190.2959991455078,
2023-02-23,202.07000732421875,205.13999938964844,196.3300018310547,203.91000366210938,146360000,0.006024129792842503,193.1779998779297,,0.6024129792842503,193.1779998779297,
2023-02-24,196.8800048828125,197.6699981689453,192.8000030517578,196.3300018310547,142228100,-0.025684180003413215,195.00849990844728,,-2.5684180003413215,195.00849990844728,
2023-02-27,207.6300048828125,209.4199981689453,201.25999450683594,202.02999877929688,161028300,0.0546017865369246,196.49500045776367,,5.46017865369246,196.49500045776367,
2023-02-28,205.7100067138672,211.22999572753906,203.75,210.58999633789062,153144900,-0.009247209573726933,198.44750061035157,,-0.9247209573726933,198.44750061035157,
2023-03-01,202.77000427246094,207.1999969482422,198.52000427246094,206.2100067138672,156852800,-0.014291975817664837,199.92500076293945,,-1.4291975817664837,199.92500076293945,
2023-03-02,190.89999389648438,193.75,186.00999450683594,186.74000549316406,181500700,-0.05853928157947319,200.3995002746582,,-5.853928157947319,200.3995002746582,
2023-03-03,197.7899932861328,200.47999572753906,192.8800048828125,194.8000030517578,154193300,0.03609219282314147,200.8754997253418,,3.6092192823141467,200.8754997253418,
2023-03-06,193.80999755859375,198.60000610351562,192.3000030517578,198.5399932861328,128100100,-0.020122331071529054,201.06699981689454,,-2.0122331071529054,201.06699981689454,
2023-03-07,187.7100067138672,194.1999969482422,186.10000610351562,191.3800048828125,148125800,-0.03147407730028162,200.7145004272461,,-3.147407730028162,200.7145004272461,
2023-03-08,182.0,186.5,180.0,185.0399932861328,151897800,-0.03041929843714275,199.9740005493164,,-3.041929843714275,199.9740005493164,
2023-03-09,172.9199981689453,185.17999267578125,172.50999450683594,180.25,170023800,-0.04989011995084991,198.55550079345704,,-4.989011995084991,198.55550079345704,
2023-03-10,173.44000244140625,178.2899932861328,168.44000244140625,175.1300048828125,191488900,0.0030071956856769777,196.86150054931642,,0.30071956856769777,196.86150054931642,
2023-03-13,174.47999572753906,177.35000610351562,163.91000366210938,167.4600067138672,167790300,0.005996271168666301,195.74100036621093,,0.5996271168666301,195.74100036621093,
2023-03-14,183.25999450683594,183.8000030517578,177.13999938964844,177.30999755859375,143717900,0.050320947926932424,195.1720001220703,,5.0320947926932424,195.1720001220703,
2023-03-15,180.4499969482422,182.33999633789062,176.02999877929688,180.8000030517578,145995600,-0.015333393227232373,193.73199996948242,170.38359954833984,-1.5333393227232373,193.73199996948242,170.38359954833984
2023-03-16,184.1300048828125,185.80999755859375,178.83999633789062,180.3699951171875,121136800,0.020393505108375454,192.22649993896485,171.90419967651368,2.0393505108375454,192.22649993896485,171.90419967651368
2023-03-17,180.1300048828125,186.22000122070312,177.3300018310547,184.52000427246094,133197100,-0.02172378153438792,191.13100051879883,173.23399978637696,-2.172378153438792,191.13100051879883,173.23399978637696
2023-03-20,183.25,186.44000244140625,176.35000610351562,178.0800018310547,129684400,0.017320796272765726,189.87800064086915,174.69219985961914,1.7320796272765726,189.87800064086915,174.69219985961914
2023-03-21,197.5800018310547,198.0,188.0399932861328,188.27999877929688,153391400,0.07819919143822474,189.8885009765625,176.38259994506836,7.8199191438224736,189.8885009765625,176.38259994506836
2023-03-22,191.14999389648438,200.66000366210938,190.9499969482422,199.3000030517578,150376400,-0.03254381959196684,189.40300064086915,177.81019989013672,-3.254381959196684,189.40300064086915,177.81019989013672
2023-03-23,192.22000122070312,199.30999755859375,188.64999389648438,195.25999450683594,144193900,0.0055977366381618765,188.91050033569337,179.27759994506835,0.5597736638161876,188.91050033569337,179.27759994506835
2023-03-24,190.41000366210938,192.36000061035156,187.14999389648438,191.64999389648438,116312400,-0.009416281069083654,188.5870002746582,180.6213999938965,-0.9416281069083654,188.5870002746582,180.6213999938965
2023-03-27,191.80999755859375,197.38999938964844,189.94000244140625,194.4199981689453,120851600,0.007352522816861606,187.79599990844727,181.9863999938965,0.7352522816861606,187.79599990844727,181.9863999938965
2023-03-28,189.19000244140625,192.35000610351562,185.42999267578125,192.0,98654600,-0.013659325116185062,186.96999969482422,183.32220001220702,-1.3659325116185062,186.96999969482422,183.32220001220702
2023-03-29,193.8800048828125,195.2899932861328,189.44000244140625,193.1300048828125,123660000,0.024789906342217005,186.5254997253418,184.57,2.4789906342217005,186.5254997253418,184.57
2023-03-30,195.27999877929688,197.3300018310547,194.4199981689453,195.5800018310547,110252200,0.007220929756684091,186.74449996948243,185.9,0.7220929756684091,186.74449996948243,185.9
2023-03-31,207.4600067138672,207.7899932861328,197.1999969482422,197.52999877929688,170222100,0.06237201971890638,187.22800064086914,187.50580017089842,6.237201971890638,187.22800064086914,187.50580017089842
2023-04-03,194.77000427246094,202.69000244140625,192.1999969482422,199.91000366210938,169545900,-0.061168427796826186,187.2760009765625,188.73280029296876,-6.116842779682619,187.2760009765625,188.73280029296876
2023-04-04,192.5800018310547,198.74000549316406,190.32000732421875,197.32000732421875,126463800,-0.011244043709844997,187.51950073242188,189.70940032958984,-1.1244043709844997,187.51950073242188,189.70940032958984
2023-04-05,185.52000427246094,190.67999267578125,183.75999450683594,190.52000427246094,133882500,-0.036660076287605925,187.69550094604492,190.54200042724608,-3.6660076287605925,187.69550094604492,190.54200042724608
2023-04-06,185.05999755859375,186.38999938964844,179.74000549316406,183.0800018310547,123857900,-0.002479553165553039,188.30250091552733,191.35460052490234,-0.2479553165553039,188.30250091552733,191.35460052490234
2023-04-10,184.50999450683594,185.10000610351562,176.11000061035156,179.94000244140625,142154600,-0.0029720256079851515,188.85600051879882,191.83940032958984,-0.29720256079851515,188.85600051879882,191.83940032958984
2023-04-11,186.7899932861328,189.19000244140625,185.64999389648438,186.69000244140625,115770900,0.012357047570192181,189.47150039672852,192.01720031738282,1.2357047570192181,189.47150039672852,192.01720031738282
2023-04-12,180.5399932861328,191.5800018310547,180.30999755859375,190.74000549316406,150256300,-0.03346003653646468,189.33550033569335,192.29480010986327,-3.3460036536464677,189.33550033569335,192.29480010986327
2023-04-13,185.89999389648438,186.5,180.94000244140625,182.9600067138672,112933000,0.029688716127604264,189.60800018310547,192.5483999633789,2.9688716127604264,189.60800018310547,192.5483999633789
2023-04-14,185.0,186.27999877929688,182.00999450683594,183.9499969482422,96438700,-0.004841279860318459,189.65149993896483,192.62019989013672,-0.4841279860318459,189.65149993896483,192.62019989013672
2023-04-17,187.0399932861328,189.69000244140625,182.69000244140625,186.32000732421875,116662200,0.011026990735853115,189.99699935913085,192.59559967041017,1.1026990735853115,189.99699935913085,192.59559967041017
2023-04-18,184.30999755859375,187.69000244140625,183.5800018310547,187.14999389648438,92067000,-0.014595786064655836,190.04999923706055,192.48219970703124,-1.4595786064655836,190.04999923706055,192.48219970703124
2023-04-19,180.58999633789062,183.5,177.64999389648438,179.10000610351562,125732700,-0.020183393575926356,189.20049896240235,192.19879974365233,-2.0183393575926356,189.20049896240235,192.19879974365233
2023-04-20,162.99000549316406,169.6999969482422,160.55999755859375,166.1699981689453,210970800,-0.09745828230593856,187.79249954223633,191.52239990234375,-9.745828230593856,187.79249954223633,191.52239990234375
2023-04-21,165.0800018310547,166.0,161.32000732421875,164.8000030517578,123539000,0.012822849668400638,186.4354995727539,190.79820007324219,1.2822849668400638,186.4354995727539,190.79820007324219
2023-04-24,162.5500030517578,165.64999389648438,158.61000061035156,164.64999389648438,140006600,-0.015325895028073244,185.04249954223633,189.90279998779297,-1.5325895028073244,185.04249954223633,189.90279998779297
2023-04-25,160.6699981689453,163.47000122070312,158.75,159.82000732421875,121999300,-0.011565701922588656,183.4854995727539,189.1783999633789,-1.1565701922588656,183.4854995727539,189.1783999633789
2023-04-26,153.75,160.6699981689453,153.13999938964844,160.2899932861328,153364100,-0.04306963495243776,181.7134994506836,188.36059997558593,-4.306963495243776,181.7134994506836,188.36059997558593
2023-04-27,160.19000244140625,160.47999572753906,152.3699951171875,152.63999938964844,127015200,0.041886194740853755,180.02899932861328,187.37940002441405,4.1886194740853755,180.02899932861328,187.37940002441405
2023-04-28,164.30999755859375,165.0,157.32000732421875,160.89999389648438,122515800,0.025719427270091355,178.48049926757812,186.38079986572265,2.5719427270091355,178.48049926757812,186.38079986572265
2023-05-01,161.8300018310547,163.27999877929688,158.8300018310547,163.1699981689453,109015000,-0.015093395194377579,176.1989990234375,185.5766000366211,-1.509339519437758,176.1989990234375,185.5766000366211
2023-05-02,160.30999755859375,165.49000549316406,158.92999267578125,161.8800048828125,128259700,-0.00939259874721976,174.47599868774415,184.6166000366211,-0.939259874721976,174.47599868774415,184.6166000366211
2023-05-03,160.61000061035156,165.0,159.91000366210938,160.00999450683594,119728000,0.0018713932775662467,172.87749862670898,183.88140014648437,0.18713932775662467,172.87749862670898,183.88140014648437
2023-05-04,161.1999969482422,162.9499969482422,159.64999389648438,162.7100067138672,95108500,0.003673471985857102,171.66149826049804,183.08820007324218,0.3673471985857102,171.66149826049804,183.08820007324218
2023-05-05,170.05999755859375,170.7899932861328,163.50999450683594,163.97000122070312,107440900,0.05496278398315546,170.91149826049804,182.44799987792967,5.496278398315546,170.91149826049804,182.44799987792967
2023-05-08,171.7899932861328,173.8000030517578,169.19000244140625,173.72000122070312,112249400,0.010172855182730478,170.2754981994629,181.9461996459961,1.0172855182730478,170.2754981994629,181.9461996459961
2023-05-09,169.14999389648438,169.82000732421875,166.55999755859375,168.9499969482422,88965000,-0.015367597024416146,169.39349822998048,181.17659942626952,-1.5367597024416146,169.39349822998048,181.17659942626952
2023-05-10,168.5399932861328,174.42999267578125,166.67999267578125,172.5500030517578,119840700,-0.0036062703657255835,168.79349822998046,180.43319915771485,-0.36062703657255835,168.79349822998046,180.43319915771485
2023-05-11,172.0800018310547,173.57000732421875,166.7899932861328,168.6999969482422,103889900,0.021003967520705658,168.10249862670898,179.81939910888673,2.1003967520705658,168.10249862670898,179.81939910888673
2023-05-12,167.97999572753906,177.3800048828125,167.22999572753906,176.07000732421875,157577100,-0.023826162598143963,167.25149841308593,179.3609991455078,-2.3826162598143963,167.25149841308593,179.3609991455078
2023-05-15,166.35000610351562,169.75999450683594,164.5500030517578,167.66000366210938,105592500,-0.009703474612936969,166.21699905395508,178.73219940185547,-0.9703474612936969,166.21699905395508,178.73219940185547
2023-05-16,166.52000427246094,169.52000427246094,164.35000610351562,165.64999389648438,98288800,0.001021930644472091,165.32749938964844,178.18639953613283,0.1021930644472091,165.32749938964844,178.18639953613283
2023-05-17,173.86000061035156,174.5,167.19000244140625,168.41000366210938,125473600,0.04407876621166107,164.9909996032715,177.9093994140625,4.407876621166107,164.9909996032715,177.9093994140625
2023-05-18,176.88999938964844,177.05999755859375,172.4499969482422,174.22000122070312,109520300,0.01742780840135616,165.6859992980957,177.80719940185546,1.742780840135616,165.6859992980957,177.80719940185546
2023-05-19,180.13999938964844,181.9499969482422,176.30999755859375,177.1699981689453,136024200,0.018373000232992265,166.4389991760254,177.95159942626952,1.8373000232992265,166.4389991760254,177.95159942626952
2023-05-22,188.8699951171875,189.32000732421875,180.11000061035156,180.6999969482422,132001400,0.04846228354123516,167.75499877929687,178.26019927978516,4.846228354123516,167.75499877929687,178.26019927978516
2023-05-23,185.77000427246094,192.9600067138672,185.25999450683594,186.1999969482422,156952100,-0.01641335799687571,169.00999908447267,178.4859994506836,-1.641335799687571,169.00999908447267,178.4859994506836
2023-05-24,182.89999389648438,184.22000122070312,178.22000122070312,182.22999572753906,137605100,-0.015449266889003499,170.46749877929688,178.47879943847656,-1.54492668890035,170.46749877929688,178.47879943847656
2023-05-25,184.47000122070312,186.77999877929688,180.5800018310547,186.5399932861328,96870700,0.008583965973816943,171.6814987182617,178.55919952392577,0.8583965973816943,171.6814987182617,178.55919952392577
2023-05-26,193.1699981689453,198.60000610351562,184.52999877929688,184.6199951171875,162061500,0.047162123329924865,173.1244987487793,178.73999938964843,4.7162123329924865,173.1244987487793,178.73999938964843
2023-05-30,201.16000366210938,204.47999572753906,197.52999877929688,200.10000610351562,128818700,0.041362559242642094,175.09099884033202,179.16059936523436,4.136255924264209,175.09099884033202,179.16059936523436
2023-05-31,203.92999267578125,203.9499969482422,195.1199951171875,199.77999877929688,150711700,0.013770078361723614,177.2719985961914,179.57419921875,1.3770078361723614,177.2719985961914,179.57419921875
2023-06-01,207.52000427246094,209.8000030517578,199.3699951171875,202.58999633789062,148029900,0.017604137329555458,179.61749877929688,179.77299926757811,1.7604137329555458,179.61749877929688,179.77299926757811
2023-06-02,213.97000122070312,217.25,209.75,210.14999389648438,164129000,0.031081326211682914,182.25599899291993,180.2293994140625,3.1081326211682914,182.25599899291993,180.2293994140625
2023-06-05,217.61000061035156,221.2899932861328,214.52000427246094,217.8000030517578,151143100,0.017011727666879306,184.6334991455078,180.73719940185546,1.7011727666879306,184.6334991455078,180.73719940185546
2023-06-06,221.30999755859375,221.91000366210938,212.52999877929688,216.13999938964844,146911600,0.017002881015874438,187.10949935913087,181.35519927978515,1.7002881015874438,187.10949935913087,181.35519927978515
2023-06-07,224.57000732421875,230.8300018310547,223.1999969482422,228.0,185710800,0.014730512862447087,189.88050003051757,182.01039947509764,1.4730512862447087,189.88050003051757,182.01039947509764
2023-06-08,234.86000061035156,235.22999572753906,223.00999450683594,224.22000122070312,164489700,0.045820870777622646,193.1965003967285,182.92379943847655,4.582087077762265,193.1965003967285,182.92379943847655
2023-06-09,244.39999389648438,252.4199981689453,242.02000427246094,249.07000732421875,199882300,0.0406199151040636,196.8125,183.93419921875,4.06199151040636,196.8125,183.93419921875
2023-06-12,249.8300018310547,250.97000122070312,244.58999633789062,247.94000244140625,150337900,0.02221770896144215,200.90500030517578,185.02519927978517,2.221770896144215,200.90500030517578,185.02519927978517
2023-06-13,258.7099914550781,259.67999267578125,251.33999633789062,253.50999450683594,162384300,0.035544128242966044,205.52299957275392,186.05019897460937,3.5544128242966044,205.52299957275392,186.05019897460937
2023-06-14,256.7900085449219,261.57000732421875,250.5,260.1700134277344,170575500,-0.007421371317580694,210.03649978637696,187.29059906005858,-0.7421371317580694,210.03649978637696,187.29059906005858
2023-06-15,255.89999389648438,258.95001220703125,247.2899932861328,248.39999389648438,160171200,-0.0034659239799892383,214.13849945068358,188.5569989013672,-0.34659239799892383,214.13849945068358,188.5569989013672
2023-06-16,260.5400085449219,263.6000061035156,257.2099914550781,258.9200134277344,167563700,0.01813214052015355,218.32099990844728,190.0573989868164,1.813214052015355,218.32099990844728,190.0573989868164
2023-06-20,274.45001220703125,274.75,261.1199951171875,261.5,165611200,0.05338912722001776,223.0365005493164,191.84519927978516,5.338912722001776,223.0365005493164,191.84519927978516
2023-06-21,259.4599914550781,276.989990234375,257.7799987792969,275.1300048828125,211797100,-0.054618400747766804,226.56600036621094,193.34419921875,-5.46184007477668,226.56600036621094,193.34419921875
2023-06-22,264.6099853515625,265.0,248.25,250.77000427246094,166875900,0.019848894111198723,230.50799942016602,194.9005990600586,1.9848894111198723,230.50799942016602,194.9005990600586
2023-06-23,256.6000061035156,262.45001220703125,252.8000030517578,259.2900085449219,176584100,-0.030270888067223778,234.19300003051757,196.42179931640624,-3.027088806722378,234.19300003051757,196.42179931640624
2023-06-26,241.0500030517578,258.3699951171875,240.6999969482422,250.07000732421875,179990600,-0.060600166336257755,237.02200012207032,197.52479949951172,-6.060016633625775,237.02200012207032,197.52479949951172
2023-06-27,250.2100067138672,250.38999938964844,240.85000610351562,243.24000549316406,164968200,0.03800042956291749,239.8740005493164,198.82899963378907,3.8000429562917493,239.8740005493164,198.82899963378907
2023-06-28,256.239990234375,259.8800048828125,248.88999938964844,249.6999969482422,159770800,0.0240996896954786,242.62799987792968,200.21299957275392,2.40996896954786,242.62799987792968,200.21299957275392
2023-06-29,257.5,260.739990234375,253.61000061035156,258.0299987792969,131283400,0.004917303362650394,245.30650024414064,201.67679962158203,0.49173033626503937,245.30650024414064,201.67679962158203
2023-06-30,261.7699890136719,264.45001220703125,259.8900146484375,260.6000061035156,112267600,0.016582481606492783,248.01899948120118,203.30039947509766,1.6582481606492783,248.01899948120118,203.30039947509766
2023-07-03,279.82000732421875,284.25,275.1099853515625,276.489990234375,119685900,0.06895373445427366,251.31149978637694,205.63699951171876,6.895373445427366,251.31149978637694,205.63699951171876
2023-07-05,282.4800109863281,283.8500061035156,277.6000061035156,278.82000732421875,131530900,0.009506123909958086,254.55500030517578,207.9849996948242,0.9506123909958086,254.55500030517578,207.9849996948242
2023-07-06,276.5400085449219,279.9700012207031,272.8800048828125,278.0899963378906,120332100,-0.021028045208104085,257.3165008544922,210.2647998046875,-2.1028045208104085,257.3165008544922,210.2647998046875
2023-07-07,274.42999267578125,280.7799987792969,273.7699890136719,278.42999267578125,113602000,-0.007630056425625198,259.8095001220703,212.53999969482422,-0.7630056425625198,259.8095001220703,212.53999969482422
2023-07-10,269.6099853515625,277.5199890136719,265.1000061035156,276.4700012207031,119425400,-0.01756370459810941,261.54699935913084,214.85719940185547,-1.7563704598109409,261.54699935913084,214.85719940185547
2023-07-11,269.7900085449219,270.8999938964844,266.3699951171875,268.6499938964844,91972400,0.000667717084456676,262.8165000915527,217.04919952392578,0.0667717084456676,262.8165000915527,217.04919952392578
2023-07-12,271.989990234375,276.5199890136719,271.4599914550781,276.3299865722656,95672100,0.008154422401772665,263.92449951171875,219.2027993774414,0.8154422401772665,263.92449951171875,219.2027993774414
2023-07-13,277.8999938964844,279.45001220703125,270.6000061035156,274.5899963378906,112681500,0.02172875427149612,264.8839996337891,221.52419921875,2.172875427149612,264.8839996337891,221.52419921875
2023-07-14,281.3800048828125,285.29998779296875,276.30999755859375,277.010009765625,119771100,0.012522529912772917,266.1134994506836,223.9455993652344,1.2522529912772917,266.1134994506836,223.9455993652344
2023-07-17,290.3800048828125,292.2300109863281,283.57000732421875,286.6300048828125,131569600,0.03198521516746822,267.8375,226.5409994506836,3.1985215167468217,267.8375,226.5409994506836
2023-07-18,293.3399963378906,295.260009765625,286.010009765625,290.1499938964844,112434700,0.010193509901870401,269.4774993896484,229.18379943847657,1.0193509901870401,269.4774993896484,229.18379943847657
2023-07-19,291.260009765625,299.2900085449219,289.5199890136719,296.0400085449219,142355400,-0.007090702250741598,270.3179992675781,231.60779968261718,-0.7090702250741598,270.3179992675781,231.60779968261718
2023-07-20,262.8999938964844,280.92999267578125,261.20001220703125,279.55999755859375,175158300,-0.09737009860008494,270.48999938964846,233.42999969482423,-9.737009860008495,270.48999938964846,233.42999969482423
2023-07-21,260.0199890136719,268.0,255.8000030517578,268.0,161050100,-0.010954754468143868,270.26049957275393,235.24739959716797,-1.0954754468143868,270.26049957275393,235.24739959716797
2023-07-24,269.05999755859375,269.8500061035156,254.1199951171875,255.85000610351562,136508500,0.03476659075024635,270.8834991455078,237.2577996826172,3.476659075024635,270.8834991455078,237.2577996826172
2023-07-25,265.2799987792969,272.8999938964844,265.0,272.3800048828125,112757300,-0.014048906614123058,272.0949989318848,239.12179962158203,-1.4048906614123058,272.0949989318848,239.12179962158203
2023-07-26,264.3500061035156,268.0400085449219,261.75,263.25,95856200,-0.0035057022016762307,272.8019989013672,241.04919982910155,-0.35057022016762307,272.8019989013672,241.04919982910155
2023-07-27,255.7100067138672,269.1300048828125,255.3000030517578,268.30999755859375,103697300,-0.032683938680391544,272.7754997253418,242.8363998413086,-3.2683938680391544,272.7754997253418,242.8363998413086
2023-07-28,266.44000244140625,267.25,258.2300109863281,259.8599853515625,111446000,0.04196157931177735,273.2224998474121,244.8347998046875,4.196157931177735,273.2224998474121,244.8347998046875
2023-07-31,267.42999267578125,269.0799865722656,263.7799987792969,267.4800109863281,84582200,0.00371562162326855,273.50550003051757,246.7061996459961,0.371562162326855,273.50550003051757,246.7061996459961
2023-08-01,261.07000732421875,266.4700012207031,260.25,266.260009765625,83166000,-0.023781870118334214,272.56800003051757,248.3897998046875,-2.3781870118334214,272.56800003051757,248.3897998046875
2023-08-02,254.11000061035156,259.5199890136719,250.49000549316406,255.57000732421875,101752900,-0.02665954157355066,271.1494995117188,249.86919982910158,-2.665954157355066,271.1494995117188,249.86919982910158
2023-08-03,259.32000732421875,260.489990234375,252.0,252.0399932861328,97569100,0.020502958173047814,270.2884994506836,251.27820007324217,2.0502958173047814,270.2884994506836,251.27820007324217
2023-08-04,253.86000061035156,264.7699890136719,253.11000061035156,260.9700012207031,99242600,-0.02105509239416581,269.25999984741213,252.64,-2.105509239416581,269.25999984741213,252.64
2023-08-07,251.4499969482422,253.64999389648438,242.75999450683594,251.4499969482422,111097900,-0.009493435973824349,268.3520004272461,254.01100006103516,-0.9493435973824349,268.3520004272461,254.01100006103516
2023-08-08,249.6999969482422,250.9199981689453,245.00999450683594,247.4499969482422,96642200,-0.006959634206558429,267.3474998474121,255.31559997558594,-0.6959634206558429,267.3474998474121,255.31559997558594
2023-08-09,242.19000244140625,251.10000610351562,241.89999389648438,250.8699951171875,101596300,-0.03007606967809695,265.85750045776365,256.29600006103516,-3.007606967809695,265.85750045776365,256.29600006103516
2023-08-10,245.33999633789062,251.8000030517578,243.0,245.39999389648438,109498600,0.013006292021680244,264.229500579834,257.1795999145508,1.3006292021680244,264.229500579834,257.1795999145508
2023-08-11,242.64999389648438,243.7899932861328,238.02000427246094,241.77000427246094,98866600,-0.01096438608281991,262.2930000305176,257.95399993896484,-1.096438608281991,262.2930000305176,257.95399993896484
2023-08-14,239.75999450683594,240.66000366210938,233.75,235.6999969482422,98595300,-0.011910156448968756,259.7619995117187,258.59879974365236,-1.1910156448968756,259.7619995117187,258.59879974365236
2023-08-15,232.9600067138672,240.5,232.61000061035156,238.72999572753906,88197600,-0.028361644764614224,256.7430000305176,258.9785998535156,-2.8361644764614224,256.7430000305176,258.9785998535156
2023-08-16,225.60000610351562,233.97000122070312,225.3800048828125,228.02000427246094,112484500,-0.03159340830287438,253.45999984741212,259.1383999633789,-3.159340830287438,253.45999984741212,259.1383999633789
2023-08-17,219.22000122070312,226.74000549316406,218.8300018310547,226.05999755859375,120718400,-0.028280162722535862,251.27600021362304,259.0966000366211,-2.828016272253586,251.27600021362304,259.0966000366211
2023-08-18,215.49000549316406,217.5800018310547,212.36000061035156,214.1199951171875,135813700,-0.017014851321818125,249.04950103759765,258.915,-1.7014851321818125,249.04950103759765,258.915
2023-08-21,231.27999877929688,232.1300048828125,220.5800018310547,221.5500030517578,135702700,0.073274828918382,247.1605010986328,258.8433999633789,7.3274828918382,247.1605010986328,258.8433999633789
2023-08-22,233.19000244140625,240.82000732421875,229.5500030517578,240.25,130597900,0.008258403978685713,245.55600128173828,258.6192001342773,0.8258403978685713,245.55600128173828,258.6192001342773
2023-08-23,236.86000061035156,238.97999572753906,229.2899932861328,229.33999633789062,101077600,0.01573823118710882,244.18150100708007,258.3598001098633,1.573823118710882,244.18150100708007,258.3598001098633
2023-08-24,230.0399932861328,238.9199981689453,228.17999267578125,238.66000366210938,99777400,-0.02879341090367582,242.89800033569335,257.78640014648437,-2.879341090367582,242.89800033569335,257.78640014648437
2023-08-25,238.58999633789062,239.0,230.35000610351562,231.30999755859375,106612200,0.037167463490241914,241.50550003051757,257.4223999023437,3.7167463490241914,241.50550003051757,257.4223999023437
2023-08-28,238.82000732421875,244.3800048828125,235.35000610351562,242.5800018310547,107673700,0.0009640428763089126,240.07500076293945,257.08080017089844,0.09640428763089126,240.07500076293945,257.08080017089844
2023-08-29,257.17999267578125,257.4800109863281,237.77000427246094,238.5800018310547,134047600,0.07687791972402569,239.88050003051757,257.01359985351564,7.687791972402569,239.88050003051757,257.01359985351564
2023-08-30,256.8999938964844,260.510009765625,250.58999633789062,254.1999969482422,121988400,-0.0010887269121663268,240.0199996948242,256.6625994873047,-0.10887269121663268,240.0199996948242,256.6625994873047
2023-08-31,258.0799865722656,261.17999267578125,255.0500030517578,255.97999572753906,108861700,0.004593198535678855,239.95799865722657,256.63499938964844,0.4593198535678855,239.95799865722657,256.63499938964844
2023-09-01,245.00999450683594,259.0799865722656,242.00999450683594,257.260009765625,132272500,-0.05064318329763218,239.51549835205077,256.2429995727539,-5.064318329763218,239.51549835205077,256.2429995727539
2023-09-05,256.489990234375,258.0,244.86000061035156,245.0,129469600,0.046855214011356505,239.76749801635742,256.2407992553711,4.6855214011356505,239.76749801635742,256.2407992553711
2023-09-06,251.9199981689453,255.38999938964844,245.05999755859375,255.13999938964844,116959800,-0.017817428513501543,239.87849807739258,256.45819915771483,-1.7817428513501543,239.87849807739258,256.45819915771483
2023-09-07,251.49000549316406,252.80999755859375,243.27000427246094,245.07000732421875,115312900,-0.0017068620153485314,240.34349822998047,256.4837991333008,-0.17068620153485314,240.34349822998047,256.4837991333008
2023-09-08,248.5,256.5199890136719,246.6699981689453,251.22000122070312,118367700,-0.01188916230408743,240.50149841308593,256.3289993286133,-1.188916230408743,240.50149841308593,256.3289993286133
2023-09-11,273.5799865722656,274.8500061035156,260.6099853515625,264.2699890136719,174667900,0.10092549928477124,242.047998046875,256.6505990600586,10.092549928477123,242.047998046875,256.6505990600586
2023-09-12,267.4800109863281,278.3900146484375,266.6000061035156,270.760009765625,135999900,-0.022296863386701782,243.43399887084962,256.7647994995117,-2.229686338670178,243.43399887084962,256.7647994995117
2023-09-13,271.29998779296875,274.9800109863281,268.1000061035156,270.07000732421875,111673700,0.014281354305895722,245.3509979248047,256.5943991088867,1.4281354305895722,245.3509979248047,256.5943991088867
2023-09-14,276.0400085449219,276.7099914550781,270.4200134277344,271.32000732421875,107709800,0.017471511114000693,247.872998046875,256.4655990600586,1.7471511114000693,247.872998046875,256.4655990600586
2023-09-15,274.3900146484375,278.9800109863281,271.0,277.54998779296875,133422800,-0.005977372284481253,250.63149871826172,256.4225991821289,-0.5977372284481253,250.63149871826172,256.4225991821289
2023-09-18,265.2799987792969,271.44000244140625,263.760009765625,271.1600036621094,101543300,-0.033200974462619715,253.12099838256836,256.2395993041992,-3.3200974462619715,253.12099838256836,256.2395993041992
2023-09-19,266.5,267.8500061035156,261.20001220703125,264.3500061035156,103704000,0.004598918977371191,254.88199844360352,256.17739959716795,0.45989189773711914,254.88199844360352,256.17739959716795
2023-09-20,262.5899963378906,273.92999267578125,262.4599914550781,267.0400085449219,122514600,-0.014671683535119606,256.35199813842775,256.03339935302733,-1.4671683535119606,256.35199813842775,256.03339935302733
2023-09-21,255.6999969482422,260.8599853515625,254.2100067138672,257.8500061035156,119531000,-0.026238620989897266,257.29399795532225,255.7075994873047,-2.6238620989897266,257.29399795532225,255.7075994873047
2023-09-22,244.8800048828125,257.7900085449219,244.47999572753906,257.3999938964844,127524100,-0.042315182614647506,258.03599853515624,255.04719970703124,-4.231518261464751,258.03599853515624,255.04719970703124
2023-09-25,246.99000549316406,247.10000610351562,238.30999755859375,243.3800048828125,104636600,0.008616467528091087,258.45599899291994,254.35939971923827,0.8616467528091087,258.45599899291994,254.35939971923827
2023-09-26,244.1199951171875,249.5500030517578,241.66000366210938,242.97999572753906,101993600,-0.011619945391094011,258.7209983825684,253.43419952392577,-1.161994539109401,258.7209983825684,253.43419952392577
2023-09-27,240.5,245.3300018310547,234.5800018310547,244.25999450683594,136597200,-0.014828753029631048,257.8869987487793,252.37739959716797,-1.4828753029631048,257.8869987487793,252.37739959716797
2023-09-28,246.3800048828125,247.5500030517578,238.64999389648438,240.02000427246094,117058900,0.02444908475181906,257.3609992980957,251.47979949951173,2.444908475181906,257.3609992980957,251.47979949951173
2023-09-29,250.22000122070312,254.77000427246094,246.35000610351562,250.0,128346200,0.015585665483353939,256.9680000305176,251.2261996459961,1.5585665483353939,256.9680000305176,251.2261996459961
2023-10-02,251.60000610351562,254.27999877929688,242.6199951171875,244.80999755859375,123810400,0.005515166158101437,257.29750061035156,251.05779998779298,0.5515166158101437,257.29750061035156,251.05779998779298
2023-10-03,246.52999877929688,250.02000427246094,244.4499969482422,248.61000061035156,101985300,-0.020151062008054166,256.7995010375977,250.60720001220704,-2.0151062008054166,256.7995010375977,250.60720001220704
2023-10-04,261.1600036621094,261.8599853515625,247.60000610351562,248.13999938964844,129721600,0.05934371052307452,257.26150131225586,250.5248001098633,5.934371052307452,257.26150131225586,250.5248001098633
2023-10-05,260.04998779296875,263.6000061035156,256.25,260.0,119159200,-0.00425032873937603,257.6895004272461,250.43879974365234,-0.42503287393760303,257.6895004272461,250.43879974365234
2023-10-06,260.5299987792969,261.6499938964844,250.64999389648438,253.97999572753906,117947000,0.001845841218459432,258.29100036621094,250.53519958496094,0.1845841218459432,258.29100036621094,250.53519958496094
2023-10-09,259.6700134277344,261.3599853515625,252.0500030517578,255.30999755859375,101377900,-0.003300907210654902,257.5955017089844,250.3997998046875,-0.3300907210654902,257.5955017089844,250.3997998046875
2023-10-10,263.6199951171875,268.94000244140625,257.6499938964844,257.75,122656000,0.015211543440507347,257.40250091552736,250.32359985351562,1.5211543440507347,257.40250091552736,250.32359985351562
2023-10-11,262.989990234375,268.6000061035156,260.8999938964844,266.20001220703125,103706300,-0.002389822071472425,256.9870010375977,250.36199951171875,-0.2389822071472425,256.9870010375977,250.36199951171875
2023-10-12,258.8699951171875,265.4100036621094,256.6300048828125,262.9200134277344,111508100,-0.015665976919941982,256.1285003662109,250.45719940185546,-1.5665976919941982,256.1285003662109,250.45719940185546
2023-10-13,251.1199951171875,259.6000061035156,250.22000122070312,258.8999938964844,102073800,-0.02993780718577166,254.96499938964843,250.29319915771484,-2.993780718577166,254.96499938964843,250.29319915771484
2023-10-16,253.9199981689453,255.39999389648438,248.47999572753906,250.0500030517578,88917200,0.01115006015531006,254.39699935913086,250.29439910888672,1.115006015531006,254.39699935913086,250.29439910888672
2023-10-17,254.85000610351562,257.17999267578125,247.0800018310547,250.10000610351562,93562900,0.0036626021631882555,253.81449966430665,250.36239929199218,0.36626021631882555,253.81449966430665,250.36239929199218
2023-10-18,242.67999267578125,254.6300048828125,242.0800018310547,252.6999969482422,125147800,-0.04775363208267347,252.81899948120116,250.22199920654296,-4.775363208267347,252.81899948120116,250.22199920654296
2023-10-19,220.11000061035156,230.61000061035156,216.77999877929688,225.9499969482422,170772700,-0.09300310180733784,251.03949966430665,249.78039916992188,-9.300310180733785,251.03949966430665,249.78039916992188
2023-10-20,211.99000549316406,218.86000061035156,210.4199981689453,217.00999450683594,137734000,-0.036890623300491754,249.3949996948242,249.11339935302735,-3.6890623300491754,249.3949996948242,249.11339935302735
2023-10-23,212.0800018310547,216.97999572753906,202.50999450683594,210.0,150683400,0.0004245310418349302,247.64949951171874,248.50199951171874,0.04245310418349302,247.64949951171874,248.50199951171874
2023-10-24,216.52000427246094,222.0500030517578,214.11000061035156,216.5,118231100,0.02093550737020089,246.2694999694824,248.03719970703125,2.093550737020089,246.2694999694824,248.03719970703125
2023-10-25,212.4199981689453,220.10000610351562,212.1999969482422,215.8800048828125,107065100,-0.018935922882932887,244.8654998779297,247.62639953613282,-1.8935922882932887,244.8654998779297,247.62639953613282
2023-10-26,205.75999450683594,214.8000030517578,204.8800048828125,211.32000732421875,115112600,-0.031352997455599385,242.83449935913086,247.2295993041992,-3.1352997455599385,242.83449935913086,247.2295993041992
2023-10-27,207.3000030517578,212.41000366210938,205.77000427246094,210.60000610351562,94881200,0.00748448962886572,240.6884994506836,246.99119934082032,0.748448962886572,240.6884994506836,246.99119934082032
2023-10-30,197.36000061035156,210.8800048828125,194.6699981689453,209.27999877929688,136448200,-0.04794984223383958,237.97649917602538,246.62859924316408,-4.794984223383958,237.97649917602538,246.62859924316408
2023-10-31,200.83999633789062,202.8000030517578,194.07000732421875,196.1199951171875,118068300,0.017632730628176496,235.69199905395507,246.01979919433595,1.7632730628176496,235.69199905395507,246.01979919433595
2023-11-01,205.66000366210938,205.99000549316406,197.85000610351562,204.0399932861328,121661700,0.023999240251476817,232.91699905395507,245.46919921875,2.3999240251476817,232.91699905395507,245.46919921875
2023-11-02,218.50999450683594,219.1999969482422,211.4499969482422,212.97000122070312,125987600,0.06248172039245192,230.83999938964843,245.1021990966797,6.248172039245192,230.83999938964843,245.1021990966797
2023-11-03,219.9600067138672,226.3699951171875,218.39999389648438,221.14999389648438,119281000,0.006635907937775798,228.81149978637694,244.90059936523437,0.6635907937775798,228.81149978637694,244.90059936523437
2023-11-06,219.27000427246094,226.32000732421875,215.0,223.97999572753906,117335800,-0.0031369449915676917,226.79149932861327,244.51419952392578,-0.31369449915676917,226.79149932861327,244.51419952392578
2023-11-07,222.17999267578125,223.1199951171875,215.72000122070312,219.97999572753906,116900100,0.013271256198382764,224.71949920654296,244.18139923095703,1.3271256198382764,224.71949920654296,244.18139923095703
2023-11-08,222.11000061035156,224.14999389648438,217.63999938964844,223.14999389648438,106584800,-0.00031502415940676265,222.6754997253418,243.47999938964844,-0.031502415940676265,222.6754997253418,243.47999938964844
2023-11-09,209.97999572753906,220.8000030517578,206.67999267578125,219.75,142110500,-0.054612601186257326,220.2309997558594,242.54159942626953,-5.461260118625733,220.2309997558594,242.54159942626953
2023-11-10,214.64999389648438,215.3800048828125,205.69000244140625,210.02999877929688,130994000,0.022240205086035525,218.40749969482422,241.6729995727539,2.2240205086035525,218.40749969482422,241.6729995727539
2023-11-13,223.7100067138672,225.39999389648438,211.61000061035156,215.60000610351562,140447600,0.04220830689495392,216.89700012207032,241.24699981689454,4.220830689495392,216.89700012207032,241.24699981689454
2023-11-14,237.41000366210938,238.13999938964844,230.72000122070312,235.02999877929688,149771600,0.06123998273248876,216.025,240.8654000854492,6.123998273248876,216.025,240.8654000854492
2023-11-15,242.83999633789062,246.6999969482422,236.4499969482422,239.2899932861328,150354000,0.022871793909364557,216.03300018310546,240.68380004882812,2.2871793909364557,216.03300018310546,240.68380004882812
2023-11-16,233.58999633789062,240.8800048828125,230.9600067138672,239.49000549316406,136816800,-0.038090924639652135,216.7069999694824,240.32579986572264,-3.8090924639652135,216.7069999694824,240.32579986572264
2023-11-17,234.3000030517578,237.38999938964844,226.5399932861328,232.0,142532800,0.0030395424675642158,217.8224998474121,240.04179992675782,0.3039542467564216,217.8224998474121,240.04179992675782
2023-11-20,235.60000610351562,237.10000610351562,231.02000427246094,234.0399932861328,116320100,0.005548455120893081,218.99850006103514,239.2822003173828,0.5548455120893081,218.99850006103514,239.2822003173828
2023-11-21,241.1999969482422,243.6199951171875,233.33999633789062,235.0399932861328,122288000,0.023769060694616817,220.2324996948242,238.75660003662108,2.3769060694616817,220.2324996948242,238.75660003662108
2023-11-22,234.2100067138672,244.00999450683594,231.39999389648438,242.0399932861328,117950600,-0.028980059381488954,221.3220001220703,238.01480041503908,-2.8980059381488954,221.3220001220703,238.01480041503908
2023-11-24,235.4499969482422,238.75,232.3300018310547,233.75,65125200,0.00529435207219775,222.80650024414064,237.20300018310547,0.529435207219775,222.80650024414064,237.20300018310547
2023-11-27,236.0800018310547,238.3300018310547,232.10000610351562,236.88999938964844,112031800,0.0026757481035388775,224.24550018310546,236.4367999267578,0.26757481035388775,224.24550018310546,236.4367999267578
2023-11-28,246.72000122070312,247.0,234.00999450683594,236.67999267578125,148549900,0.04506946504203557,226.71350021362304,236.06559997558594,4.506946504203557,226.71350021362304,236.06559997558594
2023-11-29,244.13999938964844,252.75,242.75999450683594,249.2100067138672,135401300,-0.010457205813430348,228.87850036621094,235.61839996337892,-1.0457205813430348,228.87850036621094,235.61839996337892
2023-11-30,240.0800018310547,245.22000122070312,236.91000366210938,245.13999938964844,132353200,-0.016629792613843564,230.5995002746582,235.1682000732422,-1.6629792613843564,230.5995002746582,235.1682000732422
2023-12-01,238.8300018310547,240.19000244140625,231.89999389648438,233.13999938964844,121173500,-0.005206597761023168,231.61550064086913,234.83080017089844,-0.5206597761023168,231.61550064086913,234.83080017089844
2023-12-04,235.5800018310547,239.3699951171875,233.2899932861328,235.75,104099800,-0.01360800559009756,232.39650039672853,234.64480010986327,-1.360800559009756,232.39650039672853,234.64480010986327
2023-12-05,238.72000122070312,246.66000366210938,233.6999969482422,233.8699951171875,137971100,0.013328802806870987,233.36900024414064,234.47940002441408,1.3328802806870987,233.36900024414064,234.47940002441408
2023-12-06,239.3699951171875,246.57000732421875,239.1699981689453,242.9199981689453,126436200,0.002722829646282676,234.22850036621094,234.38440002441405,0.2722829646282676,234.22850036621094,234.38440002441405
2023-12-07,242.63999938964844,244.0800018310547,236.97999572753906,241.5500030517578,107142300,0.01366087788429815,235.25500030517577,234.42720001220704,1.366087788429815,235.25500030517577,234.42720001220704
2023-12-08,243.83999633789062,245.27000427246094,239.27000427246094,240.27000427246094,102980100,0.0049455858525417895,236.94800033569337,234.3763998413086,0.49455858525417895,236.94800033569337,234.3763998413086
2023-12-11,239.74000549316406,243.44000244140625,237.4499969482422,242.74000549316406,97913900,-0.01681426716823431,238.20250091552734,234.16679992675782,-1.681426716823431,238.20250091552734,234.16679992675782
2023-12-12,237.00999450683594,238.99000549316406,233.8699951171875,238.5500030517578,95328300,-0.011387381846063915,238.86750030517578,233.87499969482423,-1.1387381846063915,238.86750030517578,233.87499969482423
2023-12-13,239.2899932861328,240.3000030517578,228.1999969482422,234.19000244140625,146286300,0.009619842336358264,238.96149978637695,233.73019958496093,0.9619842336358264,238.96149978637695,233.73019958496093
2023-12-14,251.0500030517578,253.8800048828125,240.7899932861328,241.22000122070312,160829200,0.04914543063053567,239.37200012207032,233.5279995727539,4.914543063053567,239.37200012207032,233.5279995727539
2023-12-15,253.5,254.1300048828125,248.3000030517578,251.2100067138672,135720800,0.009758999874367902,240.36750030517578,233.39699981689452,0.9758999874367902,240.36750030517578,233.39699981689452
2023-12-18,252.0800018310547,258.739990234375,251.36000061035156,253.77999877929688,116416500,-0.005601570686174839,241.25650024414062,233.22799987792968,-0.5601570686174839,241.25650024414062,233.22799987792968
2023-12-19,257.2200012207031,258.3399963378906,253.00999450683594,253.47999572753906,106737400,0.0203903496997484,242.3375,233.17899963378906,2.03903496997484,242.3375,233.17899963378906
2023-12-20,247.13999938964844,259.8399963378906,247.0,256.4100036621094,125097000,-0.03918825045959673,242.6345001220703,232.84939971923828,-3.918825045959673,242.6345001220703,232.84939971923828
2023-12-21,254.5,254.8000030517578,248.5500030517578,251.89999389648438,109594200,0.029780693649462897,243.64899978637695,232.67959991455078,2.9780693649462897,243.64899978637695,232.67959991455078
2023-12-22,252.5399932861328,258.2200012207031,251.3699951171875,256.760009765625,93249800,-0.007701401626197146,244.50349960327148,232.5529998779297,-0.7701401626197146,244.50349960327148,232.5529998779297
2023-12-26,256.6099853515625,257.9700012207031,252.91000366210938,254.49000549316406,86892400,0.01611622781987765,245.52999877929688,232.6627996826172,1.6116227819877649,245.52999877929688,232.6627996826172
2023-12-27,261.44000244140625,263.3399963378906,257.5199890136719,258.3500061035156,106494400,0.018822405072142834,246.26599884033203,232.8131997680664,1.8822405072142834,246.26599884033203,232.8131997680664
2023-12-28,253.17999267578125,265.1300048828125,252.7100067138672,263.6600036621094,113619900,-0.03159428430420175,246.71799850463867,232.7797994995117,-3.1594284304201747,246.71799850463867,232.7797994995117
2023-12-29,248.47999572753906,255.19000244140625,247.42999267578125,255.10000610351562,100615300,-0.018563856087399966,247.13799819946288,232.89579956054686,-1.8563856087399966,247.13799819946288,232.89579956054686
2024-01-02,248.4199981689453,251.25,244.41000366210938,250.0800018310547,104654200,-0.0002414583049958896,247.61749801635742,233.46199951171874,-0.02414583049958896,247.61749801635742,233.46199951171874
2024-01-03,238.4499969482422,245.67999267578125,236.32000732421875,244.97999572753906,121082600,-0.04013364984377277,247.7609977722168,233.99119934082032,-4.013364984377277,247.7609977722168,233.99119934082032
2024-01-04,237.92999267578125,242.6999969482422,237.72999572753906,239.25,102629300,-0.0021807686270334248,247.72149734497071,234.50819915771484,-0.21807686270334248,247.72149734497071,234.50819915771484
2024-01-05,237.49000549316406,240.1199951171875,234.89999389648438,236.86000061035156,92379400,-0.001849229589212631,247.62749786376952,234.92759918212892,-0.1849229589212631,247.62749786376952,234.92759918212892
2024-01-08,240.4499969482422,241.25,235.3000030517578,236.13999938964844,85166600,0.012463646412957496,247.51799774169922,235.48819915771483,1.2463646412957496,247.51799774169922,235.48819915771483
2024-01-09,234.9600067138672,238.9600067138672,232.0399932861328,238.11000061035156,96705700,-0.02283214932024613,247.07399826049806,236.07219940185547,-2.283214932024613,247.07399826049806,236.07219940185547
2024-01-10,233.94000244140625,235.5,231.2899932861328,235.10000610351562,91628500,-0.004341182513256769,246.78399810791015,236.60499938964844,-0.43411825132567694,246.78399810791015,236.60499938964844
2024-01-11,227.22000122070312,230.92999267578125,225.3699951171875,230.57000732421875,105873600,-0.028725319101363445,246.29449844360352,237.20219940185547,-2.8725319101363445,246.29449844360352,237.20219940185547
2024-01-12,218.88999938964844,225.33999633789062,217.14999389648438,220.0800018310547,122889000,-0.036660513098772496,245.2744987487793,237.56319946289062,-3.6660513098772496,245.2744987487793,237.56319946289062
2024-01-16,219.91000366210938,223.49000549316406,212.17999267578125,215.10000610351562,115355000,0.004659894354722027,243.71749877929688,237.84819946289062,0.46598943547220273,243.71749877929688,237.84819946289062
2024-01-17,215.5500030517578,215.6699981689453,212.00999450683594,214.86000061035156,103164400,-0.019826295019533036,241.81999893188475,237.78899963378908,-1.9826295019533036,241.81999893188475,237.78899963378908
2024-01-18,211.8800048828125,217.4499969482422,208.74000549316406,216.8800048828125,108595400,-0.017026203279914,239.80999908447265,237.62739959716797,-1.7026203279913998,239.80999908447265,237.62739959716797
2024-01-19,212.19000244140625,213.19000244140625,207.55999755859375,209.99000549316406,102095800,0.0014630807600990448,237.55849914550782,237.48579956054687,0.14630807600990448,237.55849914550782,237.48579956054687
2024-01-22,208.8000030517578,217.8000030517578,206.27000427246094,212.25999450683594,117952500,-0.015976244642273096,235.6414993286133,237.2181997680664,-1.5976244642273096,235.6414993286133,237.2181997680664
2024-01-23,209.13999938964844,215.64999389648438,207.75,211.3000030517578,106605900,0.0016283349277841364,233.3734992980957,236.95879974365235,0.16283349277841364,233.3734992980957,236.95879974365235
2024-01-24,207.8300018310547,212.72999572753906,206.77000427246094,211.8800048828125,123369900,-0.006263735117226887,231.13799972534179,236.91579986572265,-0.6263735117226887,231.13799972534179,236.91579986572265
2024-01-25,182.6300048828125,193.0,180.05999755859375,189.6999969482422,198076800,-0.12125293136804816,227.4390007019043,236.2754000854492,-12.125293136804816,227.4390007019043,236.2754000854492
2024-01-26,183.25,186.77999877929688,182.10000610351562,185.5,107343200,0.0033948152034783963,223.52950057983398,235.4661999511719,0.3394815203478396,223.52950057983398,235.4661999511719
2024-01-29,190.92999267578125,191.47999572753906,183.6699981689453,185.6300048828125,125013100,0.04190991910385411,220.417000579834,234.5365997314453,4.190991910385411,220.417000579834,234.5365997314453
2024-01-30,191.58999633789062,196.36000061035156,190.61000061035156,195.3300018310547,109982300,0.0034567835721344142,217.57250061035157,233.5115997314453,0.3456783572134414,217.57250061035157,233.5115997314453
2024-01-31,187.2899932861328,193.97000122070312,185.85000610351562,187.0,103221400,-0.02244377647032403,214.51600036621093,232.58559967041015,-2.244377647032403,214.51600036621093,232.58559967041015
2024-02-01,188.86000061035156,189.8800048828125,184.27999877929688,188.5,91843300,0.008382761388752824,212.0365005493164,231.67679962158203,0.8382761388752824,212.0365005493164,231.67679962158203
2024-02-02,187.91000366210938,188.69000244140625,182.0,185.0399932861328,110505100,-0.0050301649114266045,209.5355010986328,230.7229995727539,-0.5030164911426604,209.5355010986328,230.7229995727539
2024-02-05,181.05999755859375,184.67999267578125,175.00999450683594,184.25999450683594,134294400,-0.03645365318513305,206.7140007019043,229.52019958496095,-3.645365318513305,206.7140007019043,229.52019958496095
2024-02-06,185.10000610351562,186.49000549316406,177.11000061035156,177.2100067138672,122676000,0.0223130928940527,203.94650115966797,228.5379995727539,2.23130928940527,203.94650115966797,228.5379995727539
2024-02-07,187.5800018310547,189.7899932861328,182.67999267578125,188.17999267578125,111535200,0.01339813963135228,201.57750091552734,227.58059967041015,1.339813963135228,201.57750091552734,227.58059967041015
2024-02-08,189.55999755859375,191.6199951171875,185.5800018310547,189.0,83034000,0.010555473441792307,199.3585006713867,226.65019958496094,1.0555473441792307,199.3585006713867,226.65019958496094
2024-02-09,193.57000732421875,194.1199951171875,189.47999572753906,190.17999267578125,84476300,0.021154303741671487,197.6760009765625,225.58719970703126,2.1154303741671487,197.6760009765625,225.58719970703126
2024-02-12,188.1300048828125,194.72999572753906,187.27999877929688,192.11000061035156,95498600,-0.028103539988478476,196.13800125122071,224.46699981689454,-2.8103539988478476,196.13800125122071,224.46699981689454
2024-02-13,184.02000427246094,187.25999450683594,182.11000061035156,183.99000549316406,86759500,-0.021846598116614713,194.34350128173827,223.34579986572265,-2.1846598116614713,194.34350128173827,223.34579986572265
2024-02-14,188.7100067138672,188.88999938964844,183.35000610351562,185.3000030517578,81203000,0.025486372853585015,193.00150146484376,222.3433999633789,2.5486372853585015,193.00150146484376,222.3433999633789
2024-02-15,200.4499969482422,200.8800048828125,188.86000061035156,189.16000366210938,120831800,0.06221180550417671,192.43000106811525,221.64079986572267,6.221180550417671,192.43000106811525,221.64079986572267
2024-02-16,199.9499969482422,203.1699981689453,197.39999389648438,202.05999755859375,111173600,-0.0024943876658132247,191.81800079345703,220.86539978027344,-0.24943876658132247,191.81800079345703,220.86539978027344
2024-02-20,193.75999450683594,198.60000610351562,189.1300048828125,196.1300048828125,104545800,-0.030957752117438453,191.06600036621094,219.9531997680664,-3.0957752117438453,191.06600036621094,219.9531997680664
2024-02-21,194.77000427246094,199.44000244140625,191.9499969482422,193.36000061035156,103844000,0.00521268473502845,190.34750061035157,218.99579986572266,0.521268473502845,190.34750061035157,218.99579986572266
2024-02-22,197.41000366210938,198.32000732421875,191.36000061035156,194.0,92739500,0.013554445406056326,189.8265007019043,218.06720001220702,1.3554445406056326,189.8265007019043,218.06720001220702
2024-02-23,191.97000122070312,197.57000732421875,191.5,195.30999755859375,78841900,-0.027556873210526134,190.29350051879882,217.1117999267578,-2.7556873210526134,190.29350051879882,217.1117999267578
2024-02-26,199.39999389648438,201.77999877929688,192.0,192.2899932861328,111747100,0.03870392576202142,191.10100021362305,216.35959991455078,3.870392576202142,191.10100021362305,216.35959991455078
2024-02-27,199.72999572753906,205.60000610351562,198.25999450683594,204.0399932861328,108645400,0.0016549741281637331,191.54100036621094,215.5683999633789,0.1654974128163733,191.54100036621094,215.5683999633789
2024-02-28,202.0399932861328,205.3000030517578,198.44000244140625,200.4199981689453,99806200,0.01156560160219966,192.06350021362306,214.5881997680664,1.156560160219966,192.06350021362306,214.5881997680664
2024-02-29,201.8800048828125,205.27999877929688,198.4499969482422,204.17999267578125,85907000,-0.0007918650199801869,192.79300079345703,213.55579986572266,-0.07918650199801869,192.79300079345703,213.55579986572266
2024-03-01,202.63999938964844,204.52000427246094,198.5,200.52000427246094,82099200,0.003764585340074067,193.48200073242188,212.56699981689454,0.3764585340074067,193.48200073242188,212.56699981689454
2024-03-04,188.13999938964844,199.75,186.72000122070312,198.72999572753906,134334900,-0.07155546804023882,193.49350051879884,211.18539978027343,-7.155546804023882,193.49350051879884,211.18539978027343
2024-03-05,180.74000549316406,184.58999633789062,177.57000732421875,183.0500030517578,119660800,-0.03933237971984138,193.47750091552734,209.85739990234376,-3.933237971984138,193.47750091552734,209.85739990234376
2024-03-06,176.5399932861328,181.5800018310547,173.6999969482422,179.99000549316406,107920900,-0.02323786698783792,193.04950027465821,208.2981997680664,-2.323786698783792,193.04950027465821,208.2981997680664
2024-03-07,178.64999389648438,180.0399932861328,173.6999969482422,174.35000610351562,102129000,0.011951969472048907,192.60299987792968,206.82039978027345,1.1951969472048907,192.60299987792968,206.82039978027345
2024-03-08,175.33999633789062,182.72999572753906,174.6999969482422,181.5,85315300,-0.018527834714126334,191.89199981689453,205.195,-1.8527834714126334,191.89199981689453,205.195
2024-03-11,177.77000427246094,182.8699951171875,174.8000030517578,175.4499969482422,85391500,0.013858834181150304,191.10199966430665,203.5216000366211,1.3858834181150304,191.10199966430665,203.5216000366211
2024-03-12,177.5399932861328,179.42999267578125,172.41000366210938,177.77000427246094,87391700,-0.0012938683737420131,190.57249908447267,202.00880004882814,-0.1293868373742013,190.57249908447267,202.00880004882814
2024-03-13,169.47999572753906,176.0500030517578,169.14999389648438,173.0500030517578,106524500,-0.04539820808488959,189.84549865722656,200.42880004882812,-4.539820808488959,189.84549865722656,200.42880004882812
2024-03-14,162.5,171.1699981689453,160.50999450683594,167.77000427246094,126325700,-0.04118477639544138,188.5349983215332,198.7104000854492,-4.118477639544138,188.5349983215332,198.7104000854492
2024-03-15,163.57000732421875,165.17999267578125,160.75999450683594,163.16000366210938,96971900,0.006584660456730784,186.69099884033204,197.21280029296875,0.6584660456730784,186.69099884033204,197.21280029296875
2024-03-18,173.8000030517578,174.72000122070312,165.89999389648438,170.02000427246094,108214400,0.06254200201423088,185.3834991455078,195.93020050048827,6.254200201423088,185.3834991455078,195.93020050048827
2024-03-19,171.32000732421875,172.82000732421875,167.4199981689453,172.36000061035156,77271400,-0.014269250195585559,184.26149978637696,194.60680053710936,-1.4269250195585559,184.26149978637696,194.60680053710936
2024-03-20,175.66000366210938,176.25,170.82000732421875,173.0,83846700,0.025332688257929448,183.30599975585938,193.31100067138672,2.5332688257929448,183.30599975585938,193.31100067138672
2024-03-21,172.82000732421875,178.17999267578125,171.8000030517578,176.38999938964844,73178000,-0.016167575308454918,182.07649993896484,192.06820068359374,-1.6167575308454918,182.07649993896484,192.06820068359374
2024-03-22,170.8300018310547,171.1999969482422,166.3000030517578,166.69000244140625,75454700,-0.01151490226146512,181.0194999694824,190.80600067138673,-1.151490226146512,181.0194999694824,190.80600067138673
2024-03-25,172.6300048828125,175.24000549316406,168.72999572753906,168.75999450683594,74228600,0.010536808713131895,179.68100051879884,189.7142007446289,1.0536808713131895,179.68100051879884,189.7142007446289
2024-03-26,177.6699981689453,184.25,177.3800048828125,178.5800018310547,113186200,0.029195349264770964,178.57800064086913,188.88980072021485,2.9195349264770964,178.57800064086913,188.88980072021485
2024-03-27,179.8300018310547,181.91000366210938,176.0,181.41000366210938,81804000,0.012157391142962881,177.46750106811524,188.08820068359375,1.2157391142962881,177.46750106811524,188.08820068359375
2024-03-28,175.7899932861328,179.57000732421875,175.3000030517578,177.4499969482422,77654800,-0.022465709302040393,176.16300048828126,187.29300048828125,-2.2465709302040393,176.16300048828126,187.29300048828125
2024-04-01,175.22000122070312,176.75,170.2100067138672,176.1699981689453,81562100,-0.003242460249155976,174.792000579834,186.55980041503906,-0.3242460249155976,174.792000579834,186.55980041503906
2024-04-02,166.6300048828125,167.69000244140625,163.42999267578125,164.75,116650600,-0.049024062767074494,173.71650085449218,185.64860046386718,-4.902406276707449,173.71650085449218,185.64860046386718
2024-04-03,168.3800048828125,168.82000732421875,163.27999877929688,164.02000427246094,82950100,0.01050231020055925,173.0985008239746,184.8402005004883,1.050231020055925,173.0985008239746,184.8402005004883
2024-04-04,171.11000061035156,177.19000244140625,168.00999450683594,170.07000732421875,123162000,0.016213301154368365,172.82700119018554,184.07960052490233,1.6213301154368365,172.82700119018554,184.07960052490233
2024-04-05,164.89999389648438,170.86000061035156,160.50999450683594,169.0800018310547,141250700,-0.036292482565110196,172.13950119018554,183.22100036621094,-3.6292482565110196,172.13950119018554,183.22100036621094
2024-04-08,172.97999572753906,174.5,167.7899932861328,169.33999633789062,104423300,0.04899940648952894,172.02150115966796,183.02800018310546,4.899940648952894,172.02150115966796,183.02800018310546
2024-04-09,176.8800048828125,179.22000122070312,171.9199981689453,172.91000366210938,103232700,0.02254601255405486,171.97700119018555,182.90060028076172,2.254601255405486,171.97700119018555,182.90060028076172
2024-04-10,171.75999450683594,174.92999267578125,170.00999450683594,173.0399932861328,84532400,-0.028946236061948905,171.6880012512207,182.51720031738282,-2.8946236061948905,171.6880012512207,182.51720031738282
2024-04-11,174.60000610351562,175.8800048828125,168.50999450683594,172.5500030517578,94516000,0.01653476762638495,171.94400177001953,182.1774005126953,1.653476762638495,171.94400177001953,182.1774005126953
2024-04-12,171.0500030517578,173.80999755859375,170.36000061035156,172.33999633789062,64506600,-0.020332204625772565,172.37150192260742,181.8526007080078,-2.0332204625772565,172.37150192260742,181.8526007080078
2024-04-15,161.47999572753906,170.69000244140625,161.3800048828125,170.24000549316406,100245300,-0.05594859487563397,172.26700134277343,181.30500061035156,-5.594859487563397,172.26700134277343,181.30500061035156
2024-04-16,157.11000061035156,158.19000244140625,153.75,156.74000549316406,97000000,-0.027062145360474688,171.43250122070313,180.6890005493164,-2.7062145360474688,171.43250122070313,180.6890005493164
2024-04-17,155.4499969482422,158.3300018310547,153.77999877929688,157.63999938964844,82439700,-0.010565868854054306,170.6390007019043,180.1768005371094,-1.0565868854054306,170.6390007019043,180.1768005371094
2024-04-18,149.92999267578125,152.1999969482422,148.6999969482422,151.25,96098800,-0.03550983840996058,169.35250015258788,179.47340026855468,-3.550983840996058,169.35250015258788,179.47340026855468
2024-04-19,147.0500030517578,150.94000244140625,146.22000122070312,148.97000122070312,86005100,-0.0192088959161848,168.06399993896486,178.66280029296874,-1.9208895916184798,168.06399993896486,178.66280029296874
2024-04-22,142.0500030517578,144.44000244140625,138.8000030517578,140.55999755859375,107097600,-0.03400203941675628,166.625,177.71260040283204,-3.400203941675628,166.625,177.71260040283204
2024-04-23,144.67999267578125,147.25999450683594,141.11000061035156,143.3300018310547,124545100,0.018514534090260826,165.22749938964844,176.73480010986327,1.8514534090260826,165.22749938964844,176.73480010986327
2024-04-24,162.1300048828125,167.97000122070312,157.50999450683594,162.83999633789062,181178000,0.12061109407252757,164.45049972534179,176.2148001098633,12.061109407252758,164.45049972534179,176.2148001098633
2024-04-25,170.17999267578125,170.8800048828125,158.36000061035156,158.9600067138672,126427500,0.04965143743002587,163.96799926757814,175.93799987792968,4.965143743002587,163.96799926757814,175.93799987792968
2024-04-26,168.2899932861328,172.1199951171875,166.3699951171875,168.85000610351562,109815700,-0.011105884774887609,163.59299926757814,175.529599609375,-1.1105884774887609,163.59299926757814,175.529599609375
2024-04-29,194.0500030517578,198.8699951171875,184.5399932861328,188.4199981689453,243869700,0.1530691710339953,164.53449935913085,175.40159973144532,15.306917103399531,164.53449935913085,175.40159973144532
